{"chunk_definitions":[{"row":218,"row_count":1,"visible":true,"expansion_state":0,"options":{"engine":"r","label":"unnamed-chunk-47"},"document_id":"1CE64E33","chunk_id":"citupk1ftyig4","chunk_label":"unnamed-chunk-21"},{"row":316,"row_count":1,"visible":true,"expansion_state":0,"options":{"engine":"r","label":"unnamed-chunk-5"},"document_id":"1CE64E33","chunk_id":"cx1vryf90bynd","chunk_label":"unnamed-chunk-33"},{"row":416,"row_count":1,"visible":true,"expansion_state":0,"options":{"engine":"r","label":"unnamed-chunk-1"},"document_id":"1CE64E33","chunk_id":"cpr2b4gi56rww","chunk_label":"unnamed-chunk-46"}],"doc_write_time":1644863104,"chunk_rendered_width":649}