{"chunk_definitions":[{"row":22,"row_count":1,"visible":true,"expansion_state":0,"options":{"engine":"r","label":"unnamed-chunk-1"},"document_id":"1CE64E33","chunk_id":"cbeilfju1odfa","chunk_label":"unnamed-chunk-1"},{"row":32,"row_count":1,"visible":true,"expansion_state":0,"options":{"engine":"r","label":"unnamed-chunk-3"},"document_id":"1CE64E33","chunk_id":"cqjgfsv81y7rb","chunk_label":"unnamed-chunk-2"},{"row":55,"row_count":1,"visible":true,"expansion_state":0,"options":{"engine":"r","label":"unnamed-chunk-5"},"document_id":"1CE64E33","chunk_id":"cfwksj9y30byz","chunk_label":"unnamed-chunk-3"},{"row":64,"row_count":1,"visible":true,"expansion_state":0,"options":{"engine":"r","label":"unnamed-chunk-6"},"document_id":"1CE64E33","chunk_id":"ch7fenvac5cj9","chunk_label":"unnamed-chunk-4"},{"row":73,"row_count":1,"visible":true,"expansion_state":0,"options":{"engine":"r","label":"unnamed-chunk-15"},"document_id":"1CE64E33","chunk_id":"c7z60hd1ulpxc","chunk_label":"unnamed-chunk-5"},{"row":87,"row_count":1,"visible":true,"expansion_state":0,"options":{"engine":"r","label":"unnamed-chunk-7"},"document_id":"1CE64E33","chunk_id":"c5rhhnzbumz9i","chunk_label":"unnamed-chunk-6"},{"row":94,"row_count":1,"visible":true,"expansion_state":0,"options":{"engine":"r","label":"unnamed-chunk-13"},"document_id":"1CE64E33","chunk_id":"ccdmi4lv5bss0","chunk_label":"unnamed-chunk-7"},{"row":123,"row_count":1,"visible":true,"expansion_state":0,"options":{"engine":"r","label":"unnamed-chunk-19"},"document_id":"1CE64E33","chunk_id":"cabs9qzscw699","chunk_label":"unnamed-chunk-10"},{"row":133,"row_count":1,"visible":true,"expansion_state":0,"options":{"engine":"r","label":"unnamed-chunk-2"},"document_id":"1CE64E33","chunk_id":"coa645pm6ujch","chunk_label":"unnamed-chunk-11"},{"row":142,"row_count":1,"visible":true,"expansion_state":0,"options":{"engine":"r","label":"unnamed-chunk-3"},"document_id":"1CE64E33","chunk_id":"cthjkv6iseblz","chunk_label":"unnamed-chunk-12"},{"row":161,"row_count":1,"visible":true,"expansion_state":0,"options":{"engine":"r","label":"unnamed-chunk-4"},"document_id":"1CE64E33","chunk_id":"ckw0e8t0zjf5e","chunk_label":"unnamed-chunk-14"},{"row":173,"row_count":1,"visible":true,"expansion_state":0,"options":{"engine":"r","label":"unnamed-chunk-6"},"document_id":"1CE64E33","chunk_id":"ctkoq7uuskpzx","chunk_label":"unnamed-chunk-15"},{"row":192,"row_count":1,"visible":true,"expansion_state":0,"options":{"engine":"r","label":"unnamed-chunk-7"},"document_id":"1CE64E33","chunk_id":"cpjt49two97e0","chunk_label":"unnamed-chunk-16"},{"row":208,"row_count":1,"visible":true,"expansion_state":0,"options":{"engine":"r","label":"unnamed-chunk-11"},"document_id":"1CE64E33","chunk_id":"c839a7ygohyqe","chunk_label":"unnamed-chunk-17"},{"row":221,"row_count":1,"visible":true,"expansion_state":0,"options":{"engine":"r","label":"unnamed-chunk-17"},"document_id":"1CE64E33","chunk_id":"czuosln4qp34r","chunk_label":"unnamed-chunk-18"},{"row":229,"row_count":1,"visible":true,"expansion_state":0,"options":{"engine":"r","label":"unnamed-chunk-20"},"document_id":"1CE64E33","chunk_id":"crpvfcjoc0pv7","chunk_label":"unnamed-chunk-19"},{"row":244,"row_count":1,"visible":true,"expansion_state":0,"options":{"engine":"r","label":"unnamed-chunk-23"},"document_id":"1CE64E33","chunk_id":"clv507g3oqimg","chunk_label":"unnamed-chunk-20"},{"row":263,"row_count":1,"visible":true,"expansion_state":0,"options":{"engine":"r","label":"unnamed-chunk-26"},"document_id":"1CE64E33","chunk_id":"cmu671cuxclvt","chunk_label":"unnamed-chunk-21"},{"row":281,"row_count":1,"visible":true,"expansion_state":0,"options":{"engine":"r","label":"unnamed-chunk-35"},"document_id":"1CE64E33","chunk_id":"cvxvdvlg9usgn","chunk_label":"unnamed-chunk-22"},{"row":299,"row_count":1,"visible":true,"expansion_state":0,"options":{"engine":"r","label":"unnamed-chunk-47"},"document_id":"1CE64E33","chunk_id":"citupk1ftyig4","chunk_label":"unnamed-chunk-23"},{"row":305,"row_count":1,"visible":true,"expansion_state":0,"options":{"engine":"r","label":"unnamed-chunk-48"},"document_id":"1CE64E33","chunk_id":"c6imyn08r0so1","chunk_label":"unnamed-chunk-24"},{"row":313,"row_count":1,"visible":true,"expansion_state":0,"options":{"engine":"r","label":"unnamed-chunk-49"},"document_id":"1CE64E33","chunk_id":"cie722c9x85d3","chunk_label":"unnamed-chunk-25"},{"row":321,"row_count":1,"visible":true,"expansion_state":0,"options":{"engine":"r","label":"unnamed-chunk-50"},"document_id":"1CE64E33","chunk_id":"cs82g4u7a6618","chunk_label":"unnamed-chunk-26"},{"row":327,"row_count":1,"visible":true,"expansion_state":0,"options":{"engine":"r","label":"unnamed-chunk-51"},"document_id":"1CE64E33","chunk_id":"c1p6zqb4c8ar6","chunk_label":"unnamed-chunk-27"},{"row":340,"row_count":1,"visible":true,"expansion_state":0,"options":{"engine":"r","label":"unnamed-chunk-56"},"document_id":"1CE64E33","chunk_id":"cwosm2lvdpr5m","chunk_label":"unnamed-chunk-28"},{"row":352,"row_count":1,"visible":true,"expansion_state":0,"options":{"engine":"r","label":"unnamed-chunk-58"},"document_id":"1CE64E33","chunk_id":"cdx2r1xcrm5ka","chunk_label":"unnamed-chunk-29"},{"row":362,"row_count":1,"visible":true,"expansion_state":0,"options":{"engine":"r","label":"unnamed-chunk-61"},"document_id":"1CE64E33","chunk_id":"ciau1op55tu3i","chunk_label":"unnamed-chunk-30"},{"row":381,"row_count":1,"visible":true,"expansion_state":0,"options":{"engine":"r","label":"unnamed-chunk-63"},"document_id":"1CE64E33","chunk_id":"c1fra9qkbgk0d","chunk_label":"unnamed-chunk-31"},{"row":394,"row_count":1,"visible":true,"expansion_state":0,"options":{"engine":"r","label":"unnamed-chunk-67"},"document_id":"1CE64E33","chunk_id":"cltrp0t8uw58m","chunk_label":"unnamed-chunk-32"},{"row":399,"row_count":1,"visible":true,"expansion_state":0,"options":{"engine":"r","label":"unnamed-chunk-68"},"document_id":"1CE64E33","chunk_id":"ccfhkw09sty07","chunk_label":"unnamed-chunk-33"},{"row":411,"row_count":1,"visible":true,"expansion_state":0,"options":{"engine":"r","label":"unnamed-chunk-4"},"document_id":"1CE64E33","chunk_id":"citb571hgzfzs","chunk_label":"unnamed-chunk-34"},{"row":418,"row_count":1,"visible":true,"expansion_state":0,"options":{"engine":"r","label":"unnamed-chunk-5"},"document_id":"1CE64E33","chunk_id":"cx1vryf90bynd","chunk_label":"unnamed-chunk-35"},{"row":423,"row_count":1,"visible":true,"expansion_state":0,"options":{"engine":"r","label":"unnamed-chunk-6"},"document_id":"1CE64E33","chunk_id":"cv7n51lgvsgpe","chunk_label":"unnamed-chunk-36"},{"row":432,"row_count":1,"visible":true,"expansion_state":0,"options":{"engine":"r","label":"unnamed-chunk-11"},"document_id":"1CE64E33","chunk_id":"ch9ms8qwpmecs","chunk_label":"unnamed-chunk-37"},{"row":438,"row_count":1,"visible":true,"expansion_state":0,"options":{"engine":"r","label":"unnamed-chunk-12"},"document_id":"1CE64E33","chunk_id":"cxrevdm1dw6kx","chunk_label":"unnamed-chunk-38"},{"row":445,"row_count":1,"visible":true,"expansion_state":0,"options":{"engine":"r","label":"unnamed-chunk-14"},"document_id":"1CE64E33","chunk_id":"cdwywxbn8ridy","chunk_label":"unnamed-chunk-39"},{"row":454,"row_count":1,"visible":true,"expansion_state":0,"options":{"engine":"r","label":"unnamed-chunk-15"},"document_id":"1CE64E33","chunk_id":"cswxj1z0ucehn","chunk_label":"unnamed-chunk-40"},{"row":463,"row_count":1,"visible":true,"expansion_state":0,"options":{"engine":"r","label":"unnamed-chunk-17"},"document_id":"1CE64E33","chunk_id":"c9ngeplnn0n4s","chunk_label":"unnamed-chunk-41"},{"row":471,"row_count":1,"visible":true,"expansion_state":0,"options":{"engine":"r","label":"unnamed-chunk-18"},"document_id":"1CE64E33","chunk_id":"c1havmpevud5s","chunk_label":"unnamed-chunk-42"},{"row":477,"row_count":1,"visible":true,"expansion_state":0,"options":{"engine":"r","label":"unnamed-chunk-19"},"document_id":"1CE64E33","chunk_id":"cm1x8zs73irs3","chunk_label":"unnamed-chunk-43"},{"row":485,"row_count":1,"visible":true,"expansion_state":0,"options":{"engine":"r","label":"unnamed-chunk-20"},"document_id":"1CE64E33","chunk_id":"c3smj5pgrntj1","chunk_label":"unnamed-chunk-44"},{"row":498,"row_count":1,"visible":true,"expansion_state":0,"options":{"engine":"r","label":"unnamed-chunk-22"},"document_id":"1CE64E33","chunk_id":"cnntr0rz54cr9","chunk_label":"unnamed-chunk-45"},{"row":531,"row_count":1,"visible":true,"expansion_state":0,"options":{"engine":"r","label":"unnamed-chunk-30"},"document_id":"1CE64E33","chunk_id":"c1t0f9hg34fw7","chunk_label":"unnamed-chunk-47"},{"row":544,"row_count":1,"visible":true,"expansion_state":0,"options":{"engine":"r","label":"unnamed-chunk-1"},"document_id":"1CE64E33","chunk_id":"cpr2b4gi56rww","chunk_label":"unnamed-chunk-48"},{"row":554,"row_count":1,"visible":true,"expansion_state":0,"options":{"engine":"r","label":"unnamed-chunk-4"},"document_id":"1CE64E33","chunk_id":"c4nirlq6j1ztj","chunk_label":"unnamed-chunk-49"},{"row":561,"row_count":1,"visible":true,"expansion_state":0,"options":{"engine":"r","label":"unnamed-chunk-5"},"document_id":"1CE64E33","chunk_id":"c7blm42hniuat","chunk_label":"unnamed-chunk-50"},{"row":569,"row_count":1,"visible":true,"expansion_state":0,"options":{"engine":"r","label":"unnamed-chunk-6"},"document_id":"1CE64E33","chunk_id":"c0pxk5l4lzkir","chunk_label":"unnamed-chunk-51"}],"doc_write_time":1644862988,"chunk_rendered_width":648}